{"cameraMode":{"drawMode":0,"name":"Shaded","section":"Shading Mode"},"sceneLighting":false,"audioPlay":false,"sceneViewState":{"showFog":true,"showMaterialUpdate":false,"showSkybox":false,"showFlares":true,"showImageEffects":true,"showParticleSystems":true},"in2DMode":false,"pivot":{"x":0.7599999904632568,"y":-2.0299999713897707,"z":-9.380000114440918},"rotation":{"x":-0.00532218674197793,"y":-0.9943602085113525,"z":0.061230212450027469,"w":-0.08643146604299545},"size":2.3494303226470949,"orthographic":true}